customer_id,signup_date,plan_price,churn_date
1,2022-01-01,99,
2,2022-01-01,99,
3,2022-01-01,99,
4,2022-01-01,49,
5,2022-01-02,99,
6,2022-01-03,99,
7,2022-01-03,49,
8,2022-01-04,99,
9,2022-01-04,49,
10,2022-01-04,29,
11,2022-01-05,49,
12,2022-01-05,49,
13,2022-01-05,99,
14,2022-01-06,49,
15,2022-01-07,29,
16,2022-01-07,29,
17,2022-01-07,99,
18,2022-01-08,99,
19,2022-01-09,99,
20,2022-01-09,29,
21,2022-01-09,29,
22,2022-01-10,49,
23,2022-01-10,29,
24,2022-01-10,99,
25,2022-01-10,29,
26,2022-01-10,99,
27,2022-01-11,99,
28,2022-01-11,49,
29,2022-01-11,99,
30,2022-01-12,99,
31,2022-01-12,29,
32,2022-01-12,99,
33,2022-01-13,99,
34,2022-01-13,29,
35,2022-01-14,29,
36,2022-01-14,29,
37,2022-01-15,29,
38,2022-01-15,99,
39,2022-01-15,99,
40,2022-01-15,99,
41,2022-01-16,29,
42,2022-01-16,29,2022-08-25
43,2022-01-16,49,
44,2022-01-17,29,
45,2022-01-17,29,
46,2022-01-17,99,
47,2022-01-18,99,
48,2022-01-19,99,
49,2022-01-19,99,
50,2022-01-19,99,
51,2022-01-19,49,
52,2022-01-19,99,
53,2022-01-19,99,
54,2022-01-19,99,
55,2022-01-20,29,
56,2022-01-21,49,
57,2022-01-21,99,
58,2022-01-22,99,
59,2022-01-22,49,
60,2022-01-22,49,
61,2022-01-23,49,
62,2022-01-23,49,
63,2022-01-24,29,
64,2022-01-25,99,
65,2022-01-25,99,
66,2022-01-26,29,
67,2022-01-26,29,
68,2022-01-26,49,
69,2022-01-27,29,
70,2022-01-27,99,
71,2022-01-28,49,
72,2022-01-29,29,
73,2022-01-30,99,
74,2022-01-30,99,
75,2022-01-31,49,
76,2022-01-31,49,
77,2022-02-01,29,
78,2022-02-01,49,
79,2022-02-01,99,
80,2022-02-01,99,
81,2022-02-01,99,
82,2022-02-02,49,
83,2022-02-02,29,
84,2022-02-02,99,
85,2022-02-02,29,
86,2022-02-02,29,2022-05-29
87,2022-02-02,99,
88,2022-02-03,99,
89,2022-02-04,99,
90,2022-02-04,99,
91,2022-02-04,99,
92,2022-02-04,99,
93,2022-02-05,99,
94,2022-02-05,99,
95,2022-02-05,49,
96,2022-02-06,49,
97,2022-02-06,99,
98,2022-02-06,99,
99,2022-02-06,99,
100,2022-02-06,49,
101,2022-02-06,29,
102,2022-02-07,29,
103,2022-02-07,49,
104,2022-02-07,99,
105,2022-02-07,99,
106,2022-02-07,49,
107,2022-02-08,99,
108,2022-02-08,99,
109,2022-02-08,29,
110,2022-02-09,99,
111,2022-02-09,29,
112,2022-02-10,49,
113,2022-02-10,49,
114,2022-02-10,49,
115,2022-02-11,49,
116,2022-02-11,99,
117,2022-02-11,99,
118,2022-02-11,49,
119,2022-02-11,29,
120,2022-02-11,29,
121,2022-02-12,49,
122,2022-02-14,49,
123,2022-02-14,99,
124,2022-02-14,29,
125,2022-02-15,99,
126,2022-02-16,29,
127,2022-02-16,29,
128,2022-02-16,99,
129,2022-02-17,49,
130,2022-02-17,49,
131,2022-02-17,29,2022-10-24
132,2022-02-17,29,
133,2022-02-17,29,
134,2022-02-17,49,
135,2022-02-18,49,
136,2022-02-18,29,
137,2022-02-19,49,
138,2022-02-19,99,
139,2022-02-19,99,
140,2022-02-19,49,
141,2022-02-19,49,2022-07-25
142,2022-02-19,49,
143,2022-02-22,49,
144,2022-02-22,99,
145,2022-02-22,49,
146,2022-02-23,49,
147,2022-02-23,29,
148,2022-02-23,49,
149,2022-02-23,99,
150,2022-02-24,99,
151,2022-02-24,29,2022-08-29
152,2022-02-25,49,
153,2022-02-25,29,
154,2022-02-25,49,
155,2022-02-25,49,
156,2022-02-25,29,
157,2022-02-26,99,
158,2022-02-28,99,
159,2022-02-28,49,
160,2022-03-02,99,
161,2022-03-02,49,
162,2022-03-03,99,
163,2022-03-03,29,
164,2022-03-03,99,
165,2022-03-03,99,
166,2022-03-04,49,
167,2022-03-04,99,
168,2022-03-04,29,
169,2022-03-04,49,
170,2022-03-04,99,
171,2022-03-05,99,
172,2022-03-05,99,
173,2022-03-05,29,
174,2022-03-05,29,
175,2022-03-06,29,
176,2022-03-06,49,
177,2022-03-06,49,
178,2022-03-06,49,
179,2022-03-07,99,
180,2022-03-07,29,
181,2022-03-08,99,
182,2022-03-08,99,
183,2022-03-08,29,
184,2022-03-09,99,
185,2022-03-10,29,
186,2022-03-10,99,
187,2022-03-11,99,
188,2022-03-11,49,
189,2022-03-11,29,
190,2022-03-11,49,
191,2022-03-11,99,
192,2022-03-11,49,
193,2022-03-11,29,
194,2022-03-13,29,
195,2022-03-14,29,
196,2022-03-14,49,
197,2022-03-14,99,
198,2022-03-15,49,
199,2022-03-15,99,
200,2022-03-15,99,
201,2022-03-16,99,
202,2022-03-16,49,
203,2022-03-17,99,
204,2022-03-17,99,
205,2022-03-17,29,
206,2022-03-17,49,
207,2022-03-17,29,
208,2022-03-18,99,
209,2022-03-18,99,
210,2022-03-18,29,
211,2022-03-19,49,
212,2022-03-19,29,
213,2022-03-19,99,
214,2022-03-19,49,
215,2022-03-20,29,2022-08-01
216,2022-03-20,49,
217,2022-03-20,29,
218,2022-03-20,49,
219,2022-03-20,99,
220,2022-03-20,99,
221,2022-03-20,29,
222,2022-03-20,29,
223,2022-03-21,29,
224,2022-03-21,49,
225,2022-03-21,99,
226,2022-03-21,99,
227,2022-03-22,49,
228,2022-03-22,29,
229,2022-03-22,49,
230,2022-03-22,99,
231,2022-03-22,49,
232,2022-03-22,99,
233,2022-03-23,49,
234,2022-03-24,99,
235,2022-03-24,99,
236,2022-03-24,99,2022-12-04
237,2022-03-24,29,
238,2022-03-24,29,
239,2022-03-24,49,
240,2022-03-25,29,2022-06-08
241,2022-03-26,49,
242,2022-03-26,99,
243,2022-03-26,49,
244,2022-03-27,99,
245,2022-03-27,49,
246,2022-03-27,49,
247,2022-03-27,49,
248,2022-03-27,49,
249,2022-03-28,49,
250,2022-03-28,49,
251,2022-03-28,99,
252,2022-03-29,99,
253,2022-03-30,49,
254,2022-03-30,49,
255,2022-03-30,99,
256,2022-04-01,99,
257,2022-04-02,29,
258,2022-04-03,99,
259,2022-04-03,29,
260,2022-04-04,29,
261,2022-04-04,29,
262,2022-04-05,29,
263,2022-04-06,49,
264,2022-04-06,99,
265,2022-04-07,49,
266,2022-04-07,49,
267,2022-04-07,99,
268,2022-04-07,49,
269,2022-04-08,29,
270,2022-04-08,49,
271,2022-04-09,29,
272,2022-04-09,49,
273,2022-04-10,29,
274,2022-04-11,99,
275,2022-04-11,99,
276,2022-04-11,99,
277,2022-04-11,29,
278,2022-04-12,49,
279,2022-04-13,99,
280,2022-04-13,49,
281,2022-04-13,49,
282,2022-04-13,49,
283,2022-04-13,49,
284,2022-04-14,49,
285,2022-04-15,29,
286,2022-04-16,29,
287,2022-04-16,49,
288,2022-04-17,29,
289,2022-04-17,99,
290,2022-04-18,29,
291,2022-04-18,29,
292,2022-04-18,99,
293,2022-04-18,29,
294,2022-04-19,29,
295,2022-04-19,49,
296,2022-04-20,29,
297,2022-04-20,29,
298,2022-04-21,99,
299,2022-04-21,49,
300,2022-04-22,99,
301,2022-04-22,29,
302,2022-04-22,29,
303,2022-04-22,29,
304,2022-04-22,29,
305,2022-04-23,29,
306,2022-04-23,29,
307,2022-04-24,49,
308,2022-04-24,49,
309,2022-04-24,29,
310,2022-04-25,99,
311,2022-04-25,49,
312,2022-04-25,99,
313,2022-04-25,29,
314,2022-04-26,49,
315,2022-04-26,29,
316,2022-04-26,49,
317,2022-04-27,29,
318,2022-04-27,29,
319,2022-04-27,49,
320,2022-04-27,29,
321,2022-04-28,29,
322,2022-04-28,29,
323,2022-04-28,49,
324,2022-04-28,49,
325,2022-04-29,49,
326,2022-04-29,49,
327,2022-04-29,49,
328,2022-04-29,29,
329,2022-04-30,99,
330,2022-05-01,99,
331,2022-05-01,99,
332,2022-05-01,29,
333,2022-05-01,99,
334,2022-05-02,99,
335,2022-05-02,49,
336,2022-05-02,29,
337,2022-05-04,99,
338,2022-05-04,49,
339,2022-05-04,49,
340,2022-05-04,99,
341,2022-05-04,29,
342,2022-05-04,49,
343,2022-05-05,99,
344,2022-05-05,29,
345,2022-05-05,99,
346,2022-05-06,99,
347,2022-05-06,99,
348,2022-05-06,29,2022-10-22
349,2022-05-07,29,
350,2022-05-07,29,
351,2022-05-07,99,
352,2022-05-07,99,
353,2022-05-08,99,
354,2022-05-08,49,
355,2022-05-09,29,
356,2022-05-09,29,
357,2022-05-09,99,
358,2022-05-09,29,
359,2022-05-10,29,
360,2022-05-11,99,
361,2022-05-11,29,
362,2022-05-12,49,
363,2022-05-12,99,
364,2022-05-13,49,
365,2022-05-14,49,
366,2022-05-14,99,
367,2022-05-14,49,
368,2022-05-15,99,
369,2022-05-15,49,
370,2022-05-15,99,
371,2022-05-15,29,
372,2022-05-15,49,2022-11-10
373,2022-05-16,49,
374,2022-05-16,49,
375,2022-05-17,49,
376,2022-05-17,99,
377,2022-05-17,99,
378,2022-05-18,49,
379,2022-05-18,99,
380,2022-05-18,49,2022-08-17
381,2022-05-18,29,
382,2022-05-19,49,
383,2022-05-20,49,
384,2022-05-20,99,
385,2022-05-20,29,
386,2022-05-20,99,
387,2022-05-20,49,
388,2022-05-21,49,
389,2022-05-21,49,
390,2022-05-21,49,
391,2022-05-21,49,
392,2022-05-21,99,
393,2022-05-23,49,
394,2022-05-23,29,
395,2022-05-23,49,
396,2022-05-24,99,2022-11-12
397,2022-05-24,29,
398,2022-05-25,49,
399,2022-05-25,29,
400,2022-05-26,49,
401,2022-05-26,99,
402,2022-05-27,49,
403,2022-05-27,99,
404,2022-05-27,49,
405,2022-05-27,49,
406,2022-05-29,49,
407,2022-05-29,49,
408,2022-05-30,49,
409,2022-05-30,29,
410,2022-05-31,99,
411,2022-05-31,99,
412,2022-05-31,49,
413,2022-05-31,99,
414,2022-05-31,29,
415,2022-06-01,29,
416,2022-06-01,99,
417,2022-06-01,99,
418,2022-06-02,29,
419,2022-06-02,49,
420,2022-06-02,49,
421,2022-06-02,29,
422,2022-06-03,99,
423,2022-06-03,49,
424,2022-06-04,99,
425,2022-06-04,49,
426,2022-06-04,49,
427,2022-06-04,29,
428,2022-06-04,49,
429,2022-06-05,29,
430,2022-06-05,49,
431,2022-06-06,49,
432,2022-06-06,99,
433,2022-06-06,99,
434,2022-06-07,99,
435,2022-06-07,99,
436,2022-06-07,49,
437,2022-06-07,49,
438,2022-06-07,29,
439,2022-06-07,49,
440,2022-06-07,49,
441,2022-06-08,49,
442,2022-06-09,29,2022-11-22
443,2022-06-09,99,
444,2022-06-09,99,2023-02-16
445,2022-06-09,29,
446,2022-06-09,49,
447,2022-06-10,49,
448,2022-06-10,29,
449,2022-06-10,49,
450,2022-06-10,49,
451,2022-06-10,49,
452,2022-06-10,99,
453,2022-06-11,29,
454,2022-06-11,99,
455,2022-06-12,49,
456,2022-06-12,49,
457,2022-06-13,49,
458,2022-06-13,99,
459,2022-06-13,99,
460,2022-06-14,99,
461,2022-06-14,29,
462,2022-06-14,29,
463,2022-06-14,29,
464,2022-06-14,49,
465,2022-06-15,29,
466,2022-06-15,49,
467,2022-06-16,29,
468,2022-06-16,29,
469,2022-06-17,99,
470,2022-06-17,99,
471,2022-06-17,99,
472,2022-06-17,49,
473,2022-06-18,49,
474,2022-06-18,99,
475,2022-06-18,49,
476,2022-06-19,99,
477,2022-06-19,29,
478,2022-06-19,99,
479,2022-06-19,99,
480,2022-06-19,29,
481,2022-06-19,29,
482,2022-06-20,29,
483,2022-06-21,49,
484,2022-06-21,49,
485,2022-06-22,29,
486,2022-06-22,29,
487,2022-06-22,29,
488,2022-06-22,99,
489,2022-06-23,49,
490,2022-06-23,99,
491,2022-06-23,49,2023-03-05
492,2022-06-23,29,
493,2022-06-23,49,
494,2022-06-23,49,
495,2022-06-23,29,
496,2022-06-24,99,
497,2022-06-24,29,
498,2022-06-24,49,
499,2022-06-24,99,
500,2022-06-25,99,
501,2022-06-25,99,
502,2022-06-25,29,
503,2022-06-25,29,
504,2022-06-26,29,
505,2022-06-26,49,
506,2022-06-26,29,
507,2022-06-26,29,
508,2022-06-27,49,
509,2022-06-27,99,
510,2022-06-27,99,
511,2022-06-28,99,2022-11-20
512,2022-06-28,29,
513,2022-06-28,99,
514,2022-06-29,99,
515,2022-06-29,49,
516,2022-06-29,29,
517,2022-06-29,99,
518,2022-06-29,99,
519,2022-06-30,99,
520,2022-06-30,49,
521,2022-07-01,99,
522,2022-07-01,49,
523,2022-07-01,99,
524,2022-07-02,99,2023-04-25
525,2022-07-02,49,
526,2022-07-02,99,
527,2022-07-02,99,
528,2022-07-03,29,
529,2022-07-03,29,
530,2022-07-03,99,
531,2022-07-03,99,
532,2022-07-03,99,2023-02-25
533,2022-07-04,29,
534,2022-07-04,29,
535,2022-07-04,99,
536,2022-07-04,99,
537,2022-07-05,99,
538,2022-07-06,99,2022-12-25
539,2022-07-06,29,
540,2022-07-06,29,
541,2022-07-07,99,
542,2022-07-07,29,
543,2022-07-07,29,
544,2022-07-07,29,
545,2022-07-07,49,
546,2022-07-08,49,
547,2022-07-08,49,
548,2022-07-10,29,
549,2022-07-10,49,2023-01-08
550,2022-07-11,29,
551,2022-07-12,29,
552,2022-07-12,99,
553,2022-07-12,99,
554,2022-07-12,49,2022-12-14
555,2022-07-13,99,
556,2022-07-14,29,
557,2022-07-14,29,
558,2022-07-14,29,
559,2022-07-14,49,
560,2022-07-14,49,
561,2022-07-14,29,
562,2022-07-15,49,
563,2022-07-15,29,
564,2022-07-16,99,
565,2022-07-16,29,
566,2022-07-16,29,
567,2022-07-16,99,
568,2022-07-17,49,
569,2022-07-17,99,
570,2022-07-17,99,
571,2022-07-17,29,
572,2022-07-17,99,
573,2022-07-18,99,
574,2022-07-18,49,
575,2022-07-18,49,
576,2022-07-18,29,
577,2022-07-18,29,
578,2022-07-19,29,
579,2022-07-19,29,
580,2022-07-19,49,
581,2022-07-19,49,
582,2022-07-19,49,
583,2022-07-20,49,
584,2022-07-20,49,
585,2022-07-20,99,
586,2022-07-20,99,
587,2022-07-21,29,
588,2022-07-21,29,
589,2022-07-21,29,
590,2022-07-22,49,
591,2022-07-22,99,
592,2022-07-22,49,
593,2022-07-23,29,
594,2022-07-23,29,
595,2022-07-23,29,
596,2022-07-24,29,
597,2022-07-24,29,
598,2022-07-24,29,
599,2022-07-25,29,
600,2022-07-26,49,
601,2022-07-26,99,
602,2022-07-26,49,
603,2022-07-26,49,
604,2022-07-26,29,
605,2022-07-26,29,2023-03-11
606,2022-07-27,49,
607,2022-07-27,49,2023-04-13
608,2022-07-27,29,
609,2022-07-28,99,
610,2022-07-28,49,
611,2022-07-29,49,2023-04-15
612,2022-07-29,99,
613,2022-07-29,49,
614,2022-07-29,29,
615,2022-07-29,29,
616,2022-07-30,29,
617,2022-07-30,49,
618,2022-07-30,29,
619,2022-07-31,99,
620,2022-07-31,99,
621,2022-07-31,29,
622,2022-07-31,29,
623,2022-07-31,99,
624,2022-07-31,49,
625,2022-07-31,99,
626,2022-08-01,99,
627,2022-08-01,29,
628,2022-08-01,29,
629,2022-08-02,49,
630,2022-08-02,29,
631,2022-08-02,99,
632,2022-08-02,99,
633,2022-08-02,29,
634,2022-08-03,49,
635,2022-08-03,49,
636,2022-08-03,99,
637,2022-08-04,29,
638,2022-08-04,29,
639,2022-08-04,29,
640,2022-08-05,49,
641,2022-08-05,29,
642,2022-08-05,49,
643,2022-08-05,49,2022-11-26
644,2022-08-06,29,
645,2022-08-06,49,
646,2022-08-06,49,
647,2022-08-07,29,
648,2022-08-07,29,2023-05-24
649,2022-08-07,29,
650,2022-08-08,99,
651,2022-08-08,99,
652,2022-08-08,99,
653,2022-08-09,29,
654,2022-08-09,29,
655,2022-08-10,29,
656,2022-08-10,29,
657,2022-08-10,49,
658,2022-08-10,99,
659,2022-08-11,49,
660,2022-08-11,29,
661,2022-08-11,99,
662,2022-08-12,29,
663,2022-08-12,99,
664,2022-08-12,99,
665,2022-08-13,99,
666,2022-08-13,29,
667,2022-08-13,29,
668,2022-08-14,49,
669,2022-08-14,29,
670,2022-08-14,99,
671,2022-08-14,29,
672,2022-08-15,99,
673,2022-08-15,29,
674,2022-08-15,99,
675,2022-08-16,99,
676,2022-08-17,29,
677,2022-08-17,29,
678,2022-08-17,29,
679,2022-08-18,29,
680,2022-08-18,29,
681,2022-08-19,99,
682,2022-08-19,29,
683,2022-08-19,99,
684,2022-08-20,29,
685,2022-08-21,29,
686,2022-08-21,49,
687,2022-08-22,29,
688,2022-08-23,99,
689,2022-08-23,49,
690,2022-08-23,29,
691,2022-08-23,29,
692,2022-08-24,99,
693,2022-08-24,29,
694,2022-08-24,99,
695,2022-08-24,99,
696,2022-08-25,99,
697,2022-08-25,29,
698,2022-08-26,99,
699,2022-08-26,49,
700,2022-08-26,49,
701,2022-08-26,99,
702,2022-08-27,29,
703,2022-08-27,99,
704,2022-08-27,49,
705,2022-08-27,29,
706,2022-08-28,99,
707,2022-08-29,49,
708,2022-08-29,99,
709,2022-08-30,49,
710,2022-08-30,49,
711,2022-08-30,49,
712,2022-08-31,99,
713,2022-08-31,29,
714,2022-08-31,49,
715,2022-08-31,29,
716,2022-09-01,29,
717,2022-09-01,49,
718,2022-09-01,29,
719,2022-09-02,99,
720,2022-09-02,99,
721,2022-09-02,99,
722,2022-09-02,49,
723,2022-09-03,49,
724,2022-09-03,29,
725,2022-09-03,49,
726,2022-09-05,99,
727,2022-09-05,99,
728,2022-09-05,49,
729,2022-09-05,49,
730,2022-09-06,99,
731,2022-09-06,99,
732,2022-09-06,29,
733,2022-09-06,49,
734,2022-09-07,99,
735,2022-09-07,99,
736,2022-09-08,49,
737,2022-09-09,29,
738,2022-09-09,29,
739,2022-09-10,29,
740,2022-09-10,49,
741,2022-09-10,29,
742,2022-09-10,99,
743,2022-09-10,99,
744,2022-09-11,99,
745,2022-09-11,29,
746,2022-09-11,99,2023-05-21
747,2022-09-11,29,
748,2022-09-12,49,2023-07-09
749,2022-09-12,29,
750,2022-09-12,29,
751,2022-09-13,29,
752,2022-09-13,99,
753,2022-09-13,49,
754,2022-09-14,29,
755,2022-09-15,29,
756,2022-09-15,99,
757,2022-09-15,29,
758,2022-09-16,99,
759,2022-09-16,29,2022-12-29
760,2022-09-16,99,
761,2022-09-16,29,
762,2022-09-16,49,
763,2022-09-16,29,
764,2022-09-17,49,
765,2022-09-17,99,
766,2022-09-17,99,
767,2022-09-18,29,
768,2022-09-18,29,
769,2022-09-19,49,2022-11-13
770,2022-09-20,49,
771,2022-09-20,49,
772,2022-09-20,29,
773,2022-09-20,29,
774,2022-09-21,99,
775,2022-09-21,49,
776,2022-09-22,29,
777,2022-09-22,29,
778,2022-09-23,49,
779,2022-09-23,49,
780,2022-09-24,99,
781,2022-09-24,49,
782,2022-09-25,99,
783,2022-09-25,49,
784,2022-09-25,29,
785,2022-09-25,49,
786,2022-09-25,29,
787,2022-09-25,99,
788,2022-09-26,49,
789,2022-09-26,49,
790,2022-09-26,29,
791,2022-09-26,99,
792,2022-09-27,99,
793,2022-09-27,29,
794,2022-09-27,29,
795,2022-09-27,29,
796,2022-09-27,29,
797,2022-09-27,29,
798,2022-09-28,99,
799,2022-09-28,99,
800,2022-09-29,49,
801,2022-09-29,49,
802,2022-09-29,99,
803,2022-09-29,49,
804,2022-09-29,99,
805,2022-09-30,99,
806,2022-09-30,49,2023-03-19
807,2022-09-30,99,
808,2022-09-30,49,
809,2022-10-01,29,
810,2022-10-01,99,
811,2022-10-02,49,
812,2022-10-02,29,
813,2022-10-02,29,
814,2022-10-04,29,
815,2022-10-05,99,
816,2022-10-05,29,
817,2022-10-05,49,
818,2022-10-06,29,
819,2022-10-06,29,
820,2022-10-06,29,2023-07-09
821,2022-10-06,29,
822,2022-10-06,49,
823,2022-10-06,29,
824,2022-10-07,99,
825,2022-10-07,99,
826,2022-10-08,99,
827,2022-10-08,49,
828,2022-10-08,49,
829,2022-10-08,49,
830,2022-10-08,29,
831,2022-10-08,99,
832,2022-10-09,29,
833,2022-10-09,99,
834,2022-10-09,29,
835,2022-10-09,29,
836,2022-10-10,49,
837,2022-10-10,99,
838,2022-10-10,49,
839,2022-10-10,99,
840,2022-10-10,99,
841,2022-10-10,99,
842,2022-10-10,99,
843,2022-10-10,99,
844,2022-10-13,49,
845,2022-10-13,29,
846,2022-10-13,99,
847,2022-10-14,29,
848,2022-10-14,29,
849,2022-10-14,49,
850,2022-10-14,29,
851,2022-10-14,49,
852,2022-10-15,49,
853,2022-10-15,49,
854,2022-10-15,29,
855,2022-10-15,29,
856,2022-10-16,99,
857,2022-10-17,99,
858,2022-10-17,99,
859,2022-10-17,99,
860,2022-10-18,49,
861,2022-10-19,49,
862,2022-10-19,49,
863,2022-10-20,29,
864,2022-10-20,99,
865,2022-10-21,29,
866,2022-10-21,49,
867,2022-10-22,99,
868,2022-10-22,99,
869,2022-10-22,49,
870,2022-10-22,99,
871,2022-10-23,49,
872,2022-10-24,29,
873,2022-10-24,99,
874,2022-10-25,49,
875,2022-10-25,29,
876,2022-10-25,29,
877,2022-10-26,29,
878,2022-10-26,99,
879,2022-10-27,99,
880,2022-10-27,49,
881,2022-10-27,29,
882,2022-10-27,99,
883,2022-10-28,29,
884,2022-10-29,49,
885,2022-10-30,99,
886,2022-10-30,49,
887,2022-10-30,99,
888,2022-10-30,99,2023-05-07
889,2022-10-30,29,
890,2022-10-30,49,
891,2022-10-31,99,
892,2022-10-31,29,
893,2022-10-31,29,
894,2022-11-01,49,
895,2022-11-01,29,
896,2022-11-01,99,
897,2022-11-01,29,
898,2022-11-02,29,
899,2022-11-02,29,
900,2022-11-02,29,
901,2022-11-03,29,
902,2022-11-03,49,
903,2022-11-03,99,
904,2022-11-03,99,
905,2022-11-04,49,
906,2022-11-04,99,
907,2022-11-05,49,
908,2022-11-05,29,
909,2022-11-05,99,
910,2022-11-05,29,2023-02-11
911,2022-11-05,49,
912,2022-11-05,49,
913,2022-11-05,29,
914,2022-11-06,29,
915,2022-11-06,29,
916,2022-11-06,99,
917,2022-11-07,99,
918,2022-11-07,49,
919,2022-11-07,49,
920,2022-11-07,99,
921,2022-11-08,99,
922,2022-11-08,99,
923,2022-11-08,49,
924,2022-11-09,29,
925,2022-11-09,99,
926,2022-11-09,49,
927,2022-11-09,49,
928,2022-11-10,29,
929,2022-11-10,99,
930,2022-11-11,99,
931,2022-11-11,99,
932,2022-11-12,99,
933,2022-11-12,29,
934,2022-11-12,99,
935,2022-11-12,29,
936,2022-11-13,49,
937,2022-11-13,99,
938,2022-11-13,29,
939,2022-11-13,99,
940,2022-11-13,49,
941,2022-11-13,99,
942,2022-11-13,99,
943,2022-11-14,49,
944,2022-11-15,99,
945,2022-11-15,29,
946,2022-11-15,49,
947,2022-11-15,29,2023-01-23
948,2022-11-16,49,
949,2022-11-16,49,
950,2022-11-16,99,
951,2022-11-16,49,
952,2022-11-17,29,2023-05-05
953,2022-11-18,49,
954,2022-11-18,49,
955,2022-11-18,29,
956,2022-11-19,99,
957,2022-11-19,29,
958,2022-11-19,29,2023-03-06
959,2022-11-19,49,
960,2022-11-19,99,
961,2022-11-19,99,
962,2022-11-20,29,
963,2022-11-21,49,
964,2022-11-21,29,
965,2022-11-22,29,
966,2022-11-22,29,
967,2022-11-22,29,
968,2022-11-22,29,
969,2022-11-22,29,
970,2022-11-23,99,
971,2022-11-23,49,
972,2022-11-23,29,
973,2022-11-23,99,
974,2022-11-24,29,
975,2022-11-24,99,
976,2022-11-24,99,
977,2022-11-24,49,
978,2022-11-24,49,
979,2022-11-24,49,
980,2022-11-25,99,
981,2022-11-25,99,
982,2022-11-25,49,
983,2022-11-26,29,2023-07-15
984,2022-11-27,49,
985,2022-11-28,29,
986,2022-11-28,99,
987,2022-11-28,29,
988,2022-11-28,49,
989,2022-11-29,49,
990,2022-11-30,49,
991,2022-11-30,99,
992,2022-11-30,29,
993,2022-11-30,49,
994,2022-12-01,99,
995,2022-12-01,99,
996,2022-12-01,49,
997,2022-12-01,99,
998,2022-12-01,29,
999,2022-12-01,49,
1000,2022-12-01,49,
1001,2022-12-02,29,
1002,2022-12-02,49,
1003,2022-12-02,49,
1004,2022-12-03,99,
1005,2022-12-04,49,
1006,2022-12-04,99,
1007,2022-12-04,29,
1008,2022-12-04,49,
1009,2022-12-05,49,
1010,2022-12-05,49,
1011,2022-12-05,49,2023-04-15
1012,2022-12-06,49,
1013,2022-12-06,49,
1014,2022-12-06,99,
1015,2022-12-07,29,
1016,2022-12-07,49,
1017,2022-12-07,49,
1018,2022-12-07,99,
1019,2022-12-07,29,
1020,2022-12-08,99,
1021,2022-12-08,99,
1022,2022-12-08,99,
1023,2022-12-08,99,
1024,2022-12-08,29,
1025,2022-12-08,29,
1026,2022-12-09,29,
1027,2022-12-09,49,2023-02-27
1028,2022-12-09,29,
1029,2022-12-10,29,
1030,2022-12-10,49,
1031,2022-12-11,99,
1032,2022-12-11,29,
1033,2022-12-11,29,
1034,2022-12-12,29,
1035,2022-12-12,49,
1036,2022-12-13,49,
1037,2022-12-14,99,
1038,2022-12-14,49,
1039,2022-12-15,29,
1040,2022-12-15,99,
1041,2022-12-16,29,
1042,2022-12-16,49,
1043,2022-12-16,99,
1044,2022-12-16,49,
1045,2022-12-16,49,
1046,2022-12-16,29,
1047,2022-12-17,29,
1048,2022-12-17,99,
1049,2022-12-17,49,
1050,2022-12-17,49,
1051,2022-12-18,29,
1052,2022-12-18,99,
1053,2022-12-18,29,
1054,2022-12-18,99,
1055,2022-12-19,49,
1056,2022-12-19,29,2023-01-19
1057,2022-12-19,29,
1058,2022-12-19,29,
1059,2022-12-19,29,
1060,2022-12-20,99,
1061,2022-12-20,99,
1062,2022-12-20,49,
1063,2022-12-20,99,
1064,2022-12-20,49,
1065,2022-12-21,99,
1066,2022-12-21,99,
1067,2022-12-21,99,
1068,2022-12-21,99,
1069,2022-12-22,49,
1070,2022-12-22,99,
1071,2022-12-22,29,
1072,2022-12-23,29,
1073,2022-12-23,99,
1074,2022-12-23,49,
1075,2022-12-23,99,
1076,2022-12-23,99,
1077,2022-12-23,49,
1078,2022-12-24,49,
1079,2022-12-24,29,
1080,2022-12-24,29,
1081,2022-12-24,49,
1082,2022-12-24,29,
1083,2022-12-25,49,
1084,2022-12-25,29,
1085,2022-12-25,99,2023-09-27
1086,2022-12-26,99,
1087,2022-12-26,49,
1088,2022-12-26,29,
1089,2022-12-26,29,
1090,2022-12-27,49,
1091,2022-12-27,49,
1092,2022-12-27,49,
1093,2022-12-27,99,
1094,2022-12-27,99,
1095,2022-12-27,99,
1096,2022-12-28,49,
1097,2022-12-28,49,
1098,2022-12-28,49,
1099,2022-12-29,99,
1100,2022-12-30,99,
1101,2022-12-31,29,
1102,2022-12-31,29,
1103,2023-01-01,29,
1104,2023-01-01,99,
1105,2023-01-01,29,
1106,2023-01-01,99,
1107,2023-01-01,29,
1108,2023-01-02,99,
1109,2023-01-02,99,
1110,2023-01-02,49,
1111,2023-01-03,29,
1112,2023-01-03,49,
1113,2023-01-03,29,
1114,2023-01-03,49,
1115,2023-01-03,99,
1116,2023-01-04,29,
1117,2023-01-05,99,
1118,2023-01-07,49,
1119,2023-01-08,29,
1120,2023-01-10,99,
1121,2023-01-10,29,
1122,2023-01-10,29,
1123,2023-01-11,29,
1124,2023-01-11,49,
1125,2023-01-11,49,
1126,2023-01-11,29,
1127,2023-01-11,49,
1128,2023-01-12,29,
1129,2023-01-12,99,
1130,2023-01-13,29,
1131,2023-01-13,99,
1132,2023-01-13,99,
1133,2023-01-13,99,
1134,2023-01-13,99,
1135,2023-01-13,49,
1136,2023-01-14,49,
1137,2023-01-14,29,
1138,2023-01-15,49,
1139,2023-01-16,29,
1140,2023-01-16,99,
1141,2023-01-16,29,
1142,2023-01-16,99,
1143,2023-01-17,49,
1144,2023-01-18,29,
1145,2023-01-18,29,
1146,2023-01-18,99,
1147,2023-01-18,29,
1148,2023-01-19,49,
1149,2023-01-20,99,
1150,2023-01-20,99,
1151,2023-01-22,49,
1152,2023-01-22,29,
1153,2023-01-23,29,
1154,2023-01-24,99,
1155,2023-01-24,29,
1156,2023-01-24,99,2023-03-18
1157,2023-01-24,29,
1158,2023-01-24,99,
1159,2023-01-24,49,
1160,2023-01-25,49,
1161,2023-01-26,49,
1162,2023-01-26,29,
1163,2023-01-26,49,
1164,2023-01-26,49,
1165,2023-01-28,29,
1166,2023-01-28,99,
1167,2023-01-28,49,
1168,2023-01-28,99,
1169,2023-01-28,99,
1170,2023-01-29,49,
1171,2023-01-30,99,
1172,2023-01-30,99,
1173,2023-01-30,49,
1174,2023-01-30,99,
1175,2023-01-30,99,
1176,2023-01-31,29,
1177,2023-01-31,99,
1178,2023-01-31,29,
1179,2023-01-31,29,
1180,2023-02-01,99,
1181,2023-02-01,49,2023-05-07
1182,2023-02-01,99,
1183,2023-02-01,29,
1184,2023-02-01,99,
1185,2023-02-02,99,
1186,2023-02-02,99,
1187,2023-02-02,49,
1188,2023-02-02,99,
1189,2023-02-03,99,
1190,2023-02-03,99,
1191,2023-02-04,99,
1192,2023-02-05,49,
1193,2023-02-05,29,
1194,2023-02-05,99,
1195,2023-02-05,99,
1196,2023-02-05,29,
1197,2023-02-06,29,
1198,2023-02-06,99,
1199,2023-02-06,49,
1200,2023-02-07,49,
1201,2023-02-07,49,
1202,2023-02-07,49,
1203,2023-02-07,99,
1204,2023-02-07,29,
1205,2023-02-07,99,
1206,2023-02-07,49,
1207,2023-02-08,29,2023-08-22
1208,2023-02-08,49,
1209,2023-02-09,99,
1210,2023-02-09,29,
1211,2023-02-09,29,
1212,2023-02-10,99,
1213,2023-02-11,49,
1214,2023-02-11,29,
1215,2023-02-12,99,
1216,2023-02-12,29,
1217,2023-02-13,49,
1218,2023-02-13,29,
1219,2023-02-13,49,
1220,2023-02-13,49,
1221,2023-02-13,29,
1222,2023-02-13,49,
1223,2023-02-14,49,
1224,2023-02-14,29,
1225,2023-02-16,99,
1226,2023-02-16,99,
1227,2023-02-17,49,
1228,2023-02-17,49,
1229,2023-02-17,49,
1230,2023-02-17,99,
1231,2023-02-18,99,
1232,2023-02-18,99,
1233,2023-02-18,49,
1234,2023-02-18,49,
1235,2023-02-19,29,
1236,2023-02-20,49,
1237,2023-02-20,99,
1238,2023-02-20,99,
1239,2023-02-20,29,
1240,2023-02-20,29,
1241,2023-02-21,99,
1242,2023-02-21,99,
1243,2023-02-21,99,2023-05-17
1244,2023-02-22,99,
1245,2023-02-22,49,
1246,2023-02-23,29,2023-10-20
1247,2023-02-23,29,
1248,2023-02-24,99,
1249,2023-02-24,49,
1250,2023-02-24,49,
1251,2023-02-24,49,
1252,2023-02-24,99,
1253,2023-02-25,49,
1254,2023-02-25,49,
1255,2023-02-25,49,
1256,2023-02-25,99,
1257,2023-02-25,49,
1258,2023-02-25,29,
1259,2023-02-26,99,
1260,2023-02-26,99,
1261,2023-02-27,29,
1262,2023-02-27,99,
1263,2023-02-27,49,
1264,2023-02-28,29,
1265,2023-02-28,99,
1266,2023-02-28,49,
1267,2023-02-28,49,
1268,2023-02-28,49,
1269,2023-02-28,29,
1270,2023-02-28,99,
1271,2023-02-28,29,
1272,2023-02-28,49,
1273,2023-03-01,99,
1274,2023-03-01,99,
1275,2023-03-01,49,
1276,2023-03-03,99,
1277,2023-03-04,29,
1278,2023-03-04,49,
1279,2023-03-04,29,
1280,2023-03-04,29,
1281,2023-03-04,29,
1282,2023-03-05,49,
1283,2023-03-05,49,
1284,2023-03-05,49,
1285,2023-03-06,49,
1286,2023-03-06,29,
1287,2023-03-06,49,
1288,2023-03-06,29,
1289,2023-03-07,49,
1290,2023-03-08,99,
1291,2023-03-09,49,
1292,2023-03-09,49,
1293,2023-03-09,99,
1294,2023-03-10,29,
1295,2023-03-10,99,
1296,2023-03-10,49,
1297,2023-03-10,29,
1298,2023-03-11,29,
1299,2023-03-11,49,
1300,2023-03-11,49,
1301,2023-03-12,99,
1302,2023-03-12,99,
1303,2023-03-12,49,
1304,2023-03-13,99,
1305,2023-03-14,99,
1306,2023-03-14,49,
1307,2023-03-14,29,
1308,2023-03-15,99,
1309,2023-03-15,29,
1310,2023-03-15,49,
1311,2023-03-16,29,
1312,2023-03-16,29,
1313,2023-03-17,49,
1314,2023-03-17,49,
1315,2023-03-18,99,
1316,2023-03-18,49,
1317,2023-03-18,99,
1318,2023-03-18,99,
1319,2023-03-19,49,
1320,2023-03-19,99,
1321,2023-03-19,29,
1322,2023-03-19,49,
1323,2023-03-21,29,
1324,2023-03-21,29,
1325,2023-03-21,29,
1326,2023-03-21,29,
1327,2023-03-22,29,
1328,2023-03-23,49,
1329,2023-03-23,99,
1330,2023-03-23,29,
1331,2023-03-25,49,
1332,2023-03-25,29,
1333,2023-03-25,29,
1334,2023-03-25,29,
1335,2023-03-27,99,
1336,2023-03-27,49,
1337,2023-03-28,29,
1338,2023-03-28,49,
1339,2023-03-28,29,
1340,2023-03-28,49,
1341,2023-03-29,49,
1342,2023-03-29,29,
1343,2023-03-29,29,
1344,2023-03-29,49,
1345,2023-03-30,49,
1346,2023-03-30,49,
1347,2023-03-30,49,
1348,2023-03-30,49,
1349,2023-03-31,99,
1350,2023-03-31,99,
1351,2023-03-31,99,
1352,2023-04-01,29,
1353,2023-04-01,49,
1354,2023-04-02,49,
1355,2023-04-02,29,
1356,2023-04-03,29,
1357,2023-04-03,99,
1358,2023-04-04,49,
1359,2023-04-05,49,
1360,2023-04-05,29,
1361,2023-04-05,29,
1362,2023-04-05,29,
1363,2023-04-05,29,
1364,2023-04-06,99,
1365,2023-04-06,29,
1366,2023-04-06,29,
1367,2023-04-06,29,
1368,2023-04-07,99,
1369,2023-04-07,29,
1370,2023-04-07,99,
1371,2023-04-08,29,
1372,2023-04-08,29,
1373,2023-04-08,99,
1374,2023-04-08,29,
1375,2023-04-08,99,
1376,2023-04-08,29,
1377,2023-04-09,49,2023-05-15
1378,2023-04-10,99,
1379,2023-04-10,29,2024-01-14
1380,2023-04-10,49,
1381,2023-04-11,99,
1382,2023-04-11,29,
1383,2023-04-11,99,
1384,2023-04-12,29,
1385,2023-04-13,99,
1386,2023-04-13,49,
1387,2023-04-14,29,
1388,2023-04-14,49,
1389,2023-04-14,99,
1390,2023-04-14,99,
1391,2023-04-15,99,
1392,2023-04-15,99,
1393,2023-04-16,49,
1394,2023-04-17,99,
1395,2023-04-17,99,
1396,2023-04-17,49,
1397,2023-04-18,29,
1398,2023-04-18,49,
1399,2023-04-19,49,
1400,2023-04-19,29,
1401,2023-04-20,29,
1402,2023-04-20,29,
1403,2023-04-20,29,
1404,2023-04-20,29,
1405,2023-04-20,99,
1406,2023-04-20,49,
1407,2023-04-21,29,
1408,2023-04-21,49,
1409,2023-04-21,49,
1410,2023-04-22,29,
1411,2023-04-22,29,
1412,2023-04-23,29,
1413,2023-04-23,49,
1414,2023-04-23,49,
1415,2023-04-23,29,
1416,2023-04-23,29,
1417,2023-04-24,29,
1418,2023-04-24,29,
1419,2023-04-24,49,
1420,2023-04-26,29,
1421,2023-04-26,99,
1422,2023-04-26,99,
1423,2023-04-27,49,
1424,2023-04-27,49,
1425,2023-04-27,29,
1426,2023-04-28,99,
1427,2023-04-29,29,
1428,2023-04-29,29,
1429,2023-04-29,99,
1430,2023-04-29,99,
1431,2023-04-29,99,
1432,2023-04-29,49,
1433,2023-04-29,99,
1434,2023-04-29,29,
1435,2023-04-30,99,
1436,2023-04-30,29,
1437,2023-04-30,29,
1438,2023-05-01,49,
1439,2023-05-01,99,
1440,2023-05-01,99,
1441,2023-05-01,49,
1442,2023-05-02,29,
1443,2023-05-02,49,
1444,2023-05-03,99,
1445,2023-05-03,29,
1446,2023-05-03,49,
1447,2023-05-03,49,2023-10-09
1448,2023-05-03,99,
1449,2023-05-05,29,
1450,2023-05-05,29,
1451,2023-05-05,29,
1452,2023-05-06,29,
1453,2023-05-06,49,
1454,2023-05-06,49,
1455,2023-05-06,49,
1456,2023-05-06,99,
1457,2023-05-06,99,
1458,2023-05-07,49,
1459,2023-05-07,29,
1460,2023-05-07,29,
1461,2023-05-07,99,
1462,2023-05-08,29,2024-02-18
1463,2023-05-08,29,
1464,2023-05-08,49,
1465,2023-05-08,29,
1466,2023-05-10,49,
1467,2023-05-10,99,
1468,2023-05-10,29,
1469,2023-05-10,49,
1470,2023-05-10,99,
1471,2023-05-10,49,
1472,2023-05-10,29,
1473,2023-05-10,29,
1474,2023-05-11,99,
1475,2023-05-11,99,
1476,2023-05-11,49,
1477,2023-05-11,49,
1478,2023-05-11,49,
1479,2023-05-11,29,
1480,2023-05-12,99,
1481,2023-05-12,49,
1482,2023-05-12,29,
1483,2023-05-12,99,
1484,2023-05-13,49,
1485,2023-05-13,49,
1486,2023-05-13,29,
1487,2023-05-15,99,
1488,2023-05-15,29,
1489,2023-05-15,99,
1490,2023-05-15,49,
1491,2023-05-15,99,
1492,2023-05-15,49,
1493,2023-05-15,29,
1494,2023-05-15,99,
1495,2023-05-17,99,
1496,2023-05-18,49,
1497,2023-05-18,29,
1498,2023-05-18,99,
1499,2023-05-18,29,
1500,2023-05-18,49,2023-11-13
1501,2023-05-18,29,
1502,2023-05-19,49,
1503,2023-05-19,49,
1504,2023-05-19,49,
1505,2023-05-19,29,
1506,2023-05-20,99,
1507,2023-05-20,29,
1508,2023-05-20,99,
1509,2023-05-21,29,
1510,2023-05-21,49,
1511,2023-05-22,99,
1512,2023-05-22,99,
1513,2023-05-22,49,
1514,2023-05-22,49,
1515,2023-05-22,49,
1516,2023-05-22,49,
1517,2023-05-23,99,
1518,2023-05-24,29,
1519,2023-05-24,99,
1520,2023-05-25,99,
1521,2023-05-25,49,
1522,2023-05-25,49,
1523,2023-05-25,99,
1524,2023-05-26,99,
1525,2023-05-26,49,
1526,2023-05-27,29,
1527,2023-05-28,29,
1528,2023-05-28,99,
1529,2023-05-28,99,
1530,2023-05-28,29,
1531,2023-05-28,99,
1532,2023-05-28,99,
1533,2023-05-29,49,
1534,2023-05-29,49,
1535,2023-05-29,29,
1536,2023-05-29,99,
1537,2023-05-29,49,
1538,2023-05-30,99,
1539,2023-05-31,99,
1540,2023-05-31,49,
1541,2023-05-31,49,
1542,2023-06-01,99,
1543,2023-06-01,99,
1544,2023-06-02,99,
1545,2023-06-02,49,
1546,2023-06-03,99,
1547,2023-06-03,49,
1548,2023-06-03,49,
1549,2023-06-03,49,
1550,2023-06-04,49,
1551,2023-06-04,29,
1552,2023-06-04,49,
1553,2023-06-04,99,
1554,2023-06-06,99,
1555,2023-06-06,29,
1556,2023-06-06,49,
1557,2023-06-06,49,
1558,2023-06-07,49,
1559,2023-06-08,99,
1560,2023-06-09,49,
1561,2023-06-09,99,
1562,2023-06-09,99,
1563,2023-06-10,99,2023-12-31
1564,2023-06-10,29,
1565,2023-06-10,29,
1566,2023-06-10,49,
1567,2023-06-11,49,
1568,2023-06-11,99,
1569,2023-06-11,29,
1570,2023-06-11,49,
1571,2023-06-12,99,
1572,2023-06-13,99,
1573,2023-06-14,49,
1574,2023-06-14,99,
1575,2023-06-15,99,
1576,2023-06-15,99,
1577,2023-06-15,29,
1578,2023-06-16,49,
1579,2023-06-16,49,
1580,2023-06-16,99,
1581,2023-06-17,49,
1582,2023-06-17,49,
1583,2023-06-17,99,
1584,2023-06-18,29,
1585,2023-06-18,49,
1586,2023-06-18,29,
1587,2023-06-19,49,
1588,2023-06-19,49,
1589,2023-06-19,99,
1590,2023-06-19,49,
1591,2023-06-20,99,
1592,2023-06-20,29,
1593,2023-06-21,99,
1594,2023-06-21,29,
1595,2023-06-21,99,
1596,2023-06-21,49,
1597,2023-06-22,99,
1598,2023-06-22,49,
1599,2023-06-22,99,
1600,2023-06-23,49,2023-09-23
1601,2023-06-23,29,
1602,2023-06-23,99,
1603,2023-06-23,49,
1604,2023-06-23,29,
1605,2023-06-23,49,
1606,2023-06-23,99,
1607,2023-06-24,29,
1608,2023-06-24,99,
1609,2023-06-24,49,
1610,2023-06-24,29,
1611,2023-06-25,49,
1612,2023-06-25,29,
1613,2023-06-26,49,
1614,2023-06-26,29,
1615,2023-06-26,29,
1616,2023-06-27,99,
1617,2023-06-27,49,
1618,2023-06-27,99,
1619,2023-06-27,99,2024-03-23
1620,2023-06-27,29,
1621,2023-06-27,29,
1622,2023-06-28,99,
1623,2023-06-28,29,
1624,2023-06-29,49,
1625,2023-06-30,29,
1626,2023-07-01,99,
1627,2023-07-01,99,
1628,2023-07-02,49,
1629,2023-07-02,49,
1630,2023-07-02,29,
1631,2023-07-02,29,
1632,2023-07-02,29,
1633,2023-07-02,29,
1634,2023-07-03,49,
1635,2023-07-03,29,
1636,2023-07-03,29,
1637,2023-07-04,29,
1638,2023-07-04,99,
1639,2023-07-04,99,
1640,2023-07-05,49,
1641,2023-07-05,49,
1642,2023-07-05,49,
1643,2023-07-05,99,
1644,2023-07-06,99,
1645,2023-07-06,99,
1646,2023-07-06,49,
1647,2023-07-07,49,
1648,2023-07-07,49,
1649,2023-07-07,29,
1650,2023-07-07,49,
1651,2023-07-08,29,
1652,2023-07-08,29,
1653,2023-07-09,29,
1654,2023-07-09,99,
1655,2023-07-09,99,
1656,2023-07-09,49,
1657,2023-07-09,49,
1658,2023-07-10,99,
1659,2023-07-11,49,
1660,2023-07-11,99,
1661,2023-07-12,29,
1662,2023-07-12,99,
1663,2023-07-12,99,
1664,2023-07-12,99,
1665,2023-07-13,99,
1666,2023-07-13,49,
1667,2023-07-13,49,
1668,2023-07-13,99,
1669,2023-07-13,29,
1670,2023-07-13,29,
1671,2023-07-14,29,
1672,2023-07-14,49,
1673,2023-07-14,49,
1674,2023-07-14,29,
1675,2023-07-15,29,
1676,2023-07-15,29,2023-09-11
1677,2023-07-16,49,
1678,2023-07-16,99,
1679,2023-07-16,99,
1680,2023-07-16,29,
1681,2023-07-16,29,2024-04-28
1682,2023-07-16,99,
1683,2023-07-16,29,
1684,2023-07-17,29,
1685,2023-07-17,99,
1686,2023-07-17,99,
1687,2023-07-18,29,
1688,2023-07-18,49,
1689,2023-07-19,99,
1690,2023-07-19,49,2024-01-22
1691,2023-07-19,49,
1692,2023-07-20,29,
1693,2023-07-20,29,
1694,2023-07-21,49,
1695,2023-07-21,29,
1696,2023-07-22,99,
1697,2023-07-23,99,
1698,2023-07-23,99,2023-10-07
1699,2023-07-24,99,
1700,2023-07-24,29,
1701,2023-07-25,49,
1702,2023-07-25,29,
1703,2023-07-25,49,
1704,2023-07-25,29,
1705,2023-07-26,99,
1706,2023-07-26,49,
1707,2023-07-26,49,
1708,2023-07-26,49,
1709,2023-07-27,49,
1710,2023-07-27,99,
1711,2023-07-28,49,
1712,2023-07-29,29,
1713,2023-07-29,29,
1714,2023-07-29,49,
1715,2023-07-30,49,
1716,2023-07-31,99,2023-10-12
1717,2023-07-31,99,
1718,2023-07-31,29,
1719,2023-08-01,99,
1720,2023-08-01,49,
1721,2023-08-02,49,
1722,2023-08-02,99,
1723,2023-08-03,99,
1724,2023-08-03,29,
1725,2023-08-03,49,
1726,2023-08-03,29,
1727,2023-08-04,49,
1728,2023-08-04,29,
1729,2023-08-05,49,
1730,2023-08-05,99,
1731,2023-08-05,49,
1732,2023-08-05,49,
1733,2023-08-05,49,
1734,2023-08-06,49,2023-12-08
1735,2023-08-06,49,
1736,2023-08-06,99,
1737,2023-08-06,49,
1738,2023-08-06,29,
1739,2023-08-06,99,
1740,2023-08-07,99,
1741,2023-08-07,29,
1742,2023-08-08,29,
1743,2023-08-08,29,
1744,2023-08-08,29,
1745,2023-08-08,29,
1746,2023-08-09,49,
1747,2023-08-09,29,
1748,2023-08-09,99,
1749,2023-08-09,99,
1750,2023-08-10,29,
1751,2023-08-11,99,
1752,2023-08-11,29,
1753,2023-08-12,99,
1754,2023-08-12,99,
1755,2023-08-12,29,2023-10-24
1756,2023-08-12,49,
1757,2023-08-13,29,
1758,2023-08-13,49,
1759,2023-08-14,29,
1760,2023-08-15,29,
1761,2023-08-15,29,
1762,2023-08-15,29,
1763,2023-08-16,29,
1764,2023-08-16,49,
1765,2023-08-16,49,
1766,2023-08-17,99,
1767,2023-08-17,99,
1768,2023-08-17,99,
1769,2023-08-17,29,
1770,2023-08-17,49,
1771,2023-08-17,99,2024-03-23
1772,2023-08-18,49,
1773,2023-08-18,29,
1774,2023-08-18,29,
1775,2023-08-18,99,
1776,2023-08-19,99,
1777,2023-08-19,99,
1778,2023-08-20,99,
1779,2023-08-21,49,
1780,2023-08-21,99,
1781,2023-08-22,49,
1782,2023-08-22,29,
1783,2023-08-22,29,
1784,2023-08-23,29,
1785,2023-08-23,29,
1786,2023-08-24,49,
1787,2023-08-24,99,
1788,2023-08-24,49,
1789,2023-08-25,99,
1790,2023-08-25,29,
1791,2023-08-25,29,
1792,2023-08-26,99,
1793,2023-08-26,29,
1794,2023-08-27,99,
1795,2023-08-27,99,
1796,2023-08-27,49,
1797,2023-08-27,49,
1798,2023-08-27,29,
1799,2023-08-27,49,
1800,2023-08-28,29,
1801,2023-08-28,49,
1802,2023-08-29,29,
1803,2023-08-30,29,
1804,2023-08-30,29,
1805,2023-08-31,29,
1806,2023-09-01,29,
1807,2023-09-01,29,
1808,2023-09-01,99,
1809,2023-09-02,99,
1810,2023-09-02,29,
1811,2023-09-02,49,
1812,2023-09-02,49,
1813,2023-09-04,49,
1814,2023-09-05,29,
1815,2023-09-05,49,
1816,2023-09-05,99,
1817,2023-09-05,29,
1818,2023-09-06,99,
1819,2023-09-06,29,
1820,2023-09-06,49,
1821,2023-09-07,49,
1822,2023-09-07,99,
1823,2023-09-07,29,
1824,2023-09-08,29,
1825,2023-09-08,99,
1826,2023-09-08,49,
1827,2023-09-08,29,
1828,2023-09-09,49,
1829,2023-09-09,49,
1830,2023-09-09,29,
1831,2023-09-10,99,
1832,2023-09-11,29,
1833,2023-09-11,49,
1834,2023-09-12,29,
1835,2023-09-12,49,
1836,2023-09-12,99,
1837,2023-09-12,49,
1838,2023-09-12,29,
1839,2023-09-13,99,
1840,2023-09-14,29,
1841,2023-09-15,49,
1842,2023-09-15,49,
1843,2023-09-15,99,
1844,2023-09-16,29,
1845,2023-09-16,99,
1846,2023-09-16,49,
1847,2023-09-17,99,
1848,2023-09-18,29,
1849,2023-09-18,29,
1850,2023-09-18,49,
1851,2023-09-18,99,
1852,2023-09-18,49,
1853,2023-09-18,49,
1854,2023-09-18,49,
1855,2023-09-19,49,
1856,2023-09-20,99,
1857,2023-09-20,49,
1858,2023-09-20,49,
1859,2023-09-21,99,
1860,2023-09-21,29,
1861,2023-09-21,29,
1862,2023-09-21,99,
1863,2023-09-21,29,
1864,2023-09-22,29,
1865,2023-09-22,49,
1866,2023-09-22,99,
1867,2023-09-23,29,
1868,2023-09-23,99,
1869,2023-09-23,29,
1870,2023-09-23,49,
1871,2023-09-24,99,
1872,2023-09-25,99,
1873,2023-09-25,99,
1874,2023-09-25,99,
1875,2023-09-25,49,
1876,2023-09-26,29,
1877,2023-09-26,29,2023-11-05
1878,2023-09-26,49,
1879,2023-09-26,99,
1880,2023-09-27,29,
1881,2023-09-28,99,
1882,2023-09-28,29,
1883,2023-09-29,29,
1884,2023-09-29,99,
1885,2023-09-30,29,
1886,2023-09-30,29,
1887,2023-09-30,49,2023-12-30
1888,2023-10-01,99,2023-10-31
1889,2023-10-01,99,
1890,2023-10-01,29,
1891,2023-10-01,99,
1892,2023-10-02,99,
1893,2023-10-02,29,
1894,2023-10-02,49,
1895,2023-10-02,29,
1896,2023-10-02,49,
1897,2023-10-03,49,
1898,2023-10-03,29,
1899,2023-10-04,99,
1900,2023-10-04,29,
1901,2023-10-04,29,
1902,2023-10-04,29,
1903,2023-10-04,49,
1904,2023-10-05,99,
1905,2023-10-05,99,
1906,2023-10-05,99,
1907,2023-10-05,49,
1908,2023-10-06,29,
1909,2023-10-06,29,
1910,2023-10-07,99,
1911,2023-10-07,49,
1912,2023-10-07,29,
1913,2023-10-08,29,
1914,2023-10-08,49,
1915,2023-10-08,29,
1916,2023-10-08,99,
1917,2023-10-08,99,
1918,2023-10-09,49,
1919,2023-10-09,29,
1920,2023-10-10,49,
1921,2023-10-11,29,
1922,2023-10-11,99,
1923,2023-10-11,49,
1924,2023-10-11,99,
1925,2023-10-12,49,
1926,2023-10-13,29,
1927,2023-10-13,29,
1928,2023-10-13,49,
1929,2023-10-15,99,
1930,2023-10-15,29,
1931,2023-10-15,29,
1932,2023-10-16,99,2023-12-30
1933,2023-10-16,29,
1934,2023-10-16,29,
1935,2023-10-17,99,
1936,2023-10-17,99,
1937,2023-10-17,29,
1938,2023-10-17,49,
1939,2023-10-17,29,
1940,2023-10-17,29,
1941,2023-10-17,99,
1942,2023-10-18,99,
1943,2023-10-18,49,
1944,2023-10-19,99,
1945,2023-10-19,29,2024-06-12
1946,2023-10-20,49,
1947,2023-10-20,99,
1948,2023-10-20,99,
1949,2023-10-20,49,
1950,2023-10-21,99,
1951,2023-10-21,49,
1952,2023-10-21,29,
1953,2023-10-21,49,
1954,2023-10-21,29,
1955,2023-10-21,49,
1956,2023-10-21,99,
1957,2023-10-22,29,
1958,2023-10-22,29,
1959,2023-10-22,99,
1960,2023-10-22,99,
1961,2023-10-23,99,
1962,2023-10-23,99,
1963,2023-10-23,29,
1964,2023-10-23,49,
1965,2023-10-23,99,
1966,2023-10-23,49,
1967,2023-10-24,49,
1968,2023-10-24,99,
1969,2023-10-24,29,
1970,2023-10-24,99,
1971,2023-10-25,29,
1972,2023-10-25,49,
1973,2023-10-25,99,
1974,2023-10-25,99,
1975,2023-10-25,99,
1976,2023-10-26,99,
1977,2023-10-27,99,
1978,2023-10-27,49,
1979,2023-10-27,99,
1980,2023-10-27,49,
1981,2023-10-27,29,
1982,2023-10-27,99,
1983,2023-10-28,49,
1984,2023-10-28,49,
1985,2023-10-29,49,
1986,2023-10-29,99,
1987,2023-10-30,99,
1988,2023-10-30,49,
1989,2023-10-30,49,
1990,2023-10-30,49,
1991,2023-10-31,49,
1992,2023-10-31,29,
1993,2023-11-01,29,
1994,2023-11-01,99,
1995,2023-11-01,99,
1996,2023-11-02,49,
1997,2023-11-02,29,
1998,2023-11-02,29,
1999,2023-11-02,49,
2000,2023-11-02,29,
2001,2023-11-02,29,
2002,2023-11-03,29,
2003,2023-11-05,49,
2004,2023-11-05,99,
2005,2023-11-05,99,
2006,2023-11-05,29,
2007,2023-11-06,99,
2008,2023-11-07,29,
2009,2023-11-07,49,
2010,2023-11-07,99,
2011,2023-11-08,49,
2012,2023-11-08,29,
2013,2023-11-09,49,
2014,2023-11-10,49,
2015,2023-11-10,49,
2016,2023-11-10,99,
2017,2023-11-11,49,
2018,2023-11-11,49,
2019,2023-11-11,29,
2020,2023-11-12,99,
2021,2023-11-12,99,
2022,2023-11-12,29,
2023,2023-11-14,49,
2024,2023-11-14,29,
2025,2023-11-14,29,
2026,2023-11-14,49,
2027,2023-11-15,29,
2028,2023-11-15,29,
2029,2023-11-16,29,
2030,2023-11-16,49,
2031,2023-11-17,49,
2032,2023-11-18,29,
2033,2023-11-18,49,
2034,2023-11-18,29,
2035,2023-11-19,99,
2036,2023-11-20,99,
2037,2023-11-20,29,
2038,2023-11-20,49,
2039,2023-11-20,29,
2040,2023-11-20,99,
2041,2023-11-21,29,
2042,2023-11-22,49,
2043,2023-11-22,29,
2044,2023-11-22,29,
2045,2023-11-22,99,
2046,2023-11-23,29,
2047,2023-11-23,99,
2048,2023-11-24,99,
2049,2023-11-24,29,
2050,2023-11-24,29,
2051,2023-11-24,49,
2052,2023-11-25,29,
2053,2023-11-25,29,
2054,2023-11-26,29,
2055,2023-11-27,49,
2056,2023-11-27,49,
2057,2023-11-27,29,
2058,2023-11-28,49,
2059,2023-11-28,49,
2060,2023-11-29,49,
2061,2023-11-29,29,
2062,2023-11-29,29,
2063,2023-11-29,49,
2064,2023-11-29,49,
2065,2023-11-30,49,
2066,2023-11-30,49,
2067,2023-12-01,29,
2068,2023-12-01,29,
2069,2023-12-01,29,
2070,2023-12-03,49,
2071,2023-12-03,29,
2072,2023-12-03,99,
2073,2023-12-03,29,
2074,2023-12-04,49,
2075,2023-12-04,29,
2076,2023-12-04,99,
2077,2023-12-05,29,
2078,2023-12-06,99,
2079,2023-12-06,49,
2080,2023-12-06,49,
2081,2023-12-06,49,
2082,2023-12-07,99,
2083,2023-12-07,29,
2084,2023-12-07,99,
2085,2023-12-08,49,
2086,2023-12-08,99,
2087,2023-12-08,29,
2088,2023-12-08,29,
2089,2023-12-09,29,
2090,2023-12-10,49,
2091,2023-12-10,49,
2092,2023-12-11,99,
2093,2023-12-12,49,
2094,2023-12-13,49,
2095,2023-12-15,99,
2096,2023-12-15,99,
2097,2023-12-16,49,
2098,2023-12-16,49,
2099,2023-12-16,29,
2100,2023-12-16,99,
2101,2023-12-16,49,
2102,2023-12-17,29,
2103,2023-12-17,49,
2104,2023-12-17,49,
2105,2023-12-17,99,
2106,2023-12-17,49,
2107,2023-12-18,99,
2108,2023-12-18,99,
2109,2023-12-18,29,
2110,2023-12-18,49,
2111,2023-12-18,49,
2112,2023-12-19,49,
2113,2023-12-19,49,
2114,2023-12-19,29,
2115,2023-12-19,49,
2116,2023-12-20,49,
2117,2023-12-20,49,
2118,2023-12-20,99,
2119,2023-12-21,29,
2120,2023-12-21,49,
2121,2023-12-21,99,
2122,2023-12-22,99,
2123,2023-12-22,99,
2124,2023-12-22,29,
2125,2023-12-23,29,
2126,2023-12-23,99,
2127,2023-12-23,49,
2128,2023-12-23,49,2024-06-22
2129,2023-12-23,99,2024-08-26
2130,2023-12-24,49,
2131,2023-12-24,99,
2132,2023-12-24,29,
2133,2023-12-24,99,
2134,2023-12-24,99,
2135,2023-12-25,49,
2136,2023-12-25,29,
2137,2023-12-25,99,
2138,2023-12-26,49,
2139,2023-12-26,49,
2140,2023-12-26,49,
2141,2023-12-26,29,
2142,2023-12-26,49,
2143,2023-12-27,29,
2144,2023-12-27,29,
2145,2023-12-27,49,
2146,2023-12-29,29,
2147,2023-12-29,29,
2148,2023-12-29,29,
2149,2023-12-29,99,
2150,2023-12-30,49,
2151,2023-12-31,99,
2152,2024-01-01,99,
2153,2024-01-01,49,
2154,2024-01-01,49,
2155,2024-01-02,29,
2156,2024-01-02,99,
2157,2024-01-02,29,
2158,2024-01-02,99,
2159,2024-01-02,49,
2160,2024-01-03,29,
2161,2024-01-03,99,
2162,2024-01-04,49,
2163,2024-01-04,29,
2164,2024-01-04,29,
2165,2024-01-05,29,
2166,2024-01-05,29,
2167,2024-01-05,99,
2168,2024-01-07,49,
2169,2024-01-07,29,
2170,2024-01-07,29,
2171,2024-01-08,99,
2172,2024-01-08,49,
2173,2024-01-09,29,
2174,2024-01-09,99,
2175,2024-01-10,29,
2176,2024-01-12,29,
2177,2024-01-14,29,
2178,2024-01-14,49,
2179,2024-01-14,99,
2180,2024-01-15,49,
2181,2024-01-15,29,
2182,2024-01-15,99,
2183,2024-01-16,29,
2184,2024-01-16,29,
2185,2024-01-16,29,
2186,2024-01-16,99,
2187,2024-01-16,49,
2188,2024-01-16,99,
2189,2024-01-16,29,
2190,2024-01-17,99,
2191,2024-01-17,49,
2192,2024-01-17,49,
2193,2024-01-17,49,
2194,2024-01-19,49,
2195,2024-01-19,49,
2196,2024-01-19,49,
2197,2024-01-20,49,
2198,2024-01-20,49,
2199,2024-01-20,29,
2200,2024-01-21,29,
2201,2024-01-21,49,
2202,2024-01-22,49,
2203,2024-01-22,49,
2204,2024-01-22,29,
2205,2024-01-23,99,
2206,2024-01-24,29,
2207,2024-01-24,99,
2208,2024-01-24,29,
2209,2024-01-25,29,
2210,2024-01-25,49,
2211,2024-01-26,49,
2212,2024-01-26,29,
2213,2024-01-26,49,
2214,2024-01-27,99,
2215,2024-01-27,29,
2216,2024-01-27,29,
2217,2024-01-27,49,
2218,2024-01-27,99,
2219,2024-01-28,49,
2220,2024-01-28,29,
2221,2024-01-28,29,
2222,2024-01-28,99,
2223,2024-01-29,49,
2224,2024-01-29,29,
2225,2024-01-29,49,
2226,2024-01-29,29,
2227,2024-01-29,29,
2228,2024-01-29,29,
2229,2024-01-29,29,
2230,2024-01-30,29,
2231,2024-01-30,49,
2232,2024-01-31,99,
2233,2024-01-31,49,
2234,2024-02-01,99,
2235,2024-02-01,29,
2236,2024-02-01,49,
2237,2024-02-01,49,2024-09-18
2238,2024-02-02,29,
2239,2024-02-02,99,
2240,2024-02-03,99,
2241,2024-02-03,29,
2242,2024-02-03,99,
2243,2024-02-03,49,
2244,2024-02-03,29,
2245,2024-02-03,49,
2246,2024-02-03,99,
2247,2024-02-04,99,
2248,2024-02-05,29,
2249,2024-02-05,49,
2250,2024-02-05,49,
2251,2024-02-05,99,
2252,2024-02-06,49,
2253,2024-02-06,49,
2254,2024-02-06,99,
2255,2024-02-07,99,
2256,2024-02-08,49,
2257,2024-02-08,99,
2258,2024-02-08,29,
2259,2024-02-08,49,
2260,2024-02-09,29,
2261,2024-02-10,99,2024-05-09
2262,2024-02-10,49,
2263,2024-02-11,49,
2264,2024-02-11,99,
2265,2024-02-12,29,
2266,2024-02-13,29,
2267,2024-02-13,29,
2268,2024-02-13,99,
2269,2024-02-13,99,
2270,2024-02-14,29,
2271,2024-02-14,49,
2272,2024-02-14,99,
2273,2024-02-14,99,
2274,2024-02-14,29,
2275,2024-02-14,49,
2276,2024-02-15,99,
2277,2024-02-16,99,
2278,2024-02-16,99,
2279,2024-02-16,29,
2280,2024-02-17,99,
2281,2024-02-17,49,
2282,2024-02-17,29,
2283,2024-02-17,99,
2284,2024-02-18,49,
2285,2024-02-18,29,
2286,2024-02-19,49,
2287,2024-02-19,29,
2288,2024-02-19,49,
2289,2024-02-19,29,
2290,2024-02-19,99,
2291,2024-02-20,99,
2292,2024-02-20,29,
2293,2024-02-20,49,
2294,2024-02-20,49,
2295,2024-02-21,49,
2296,2024-02-21,29,
2297,2024-02-22,49,
2298,2024-02-22,49,
2299,2024-02-22,99,
2300,2024-02-22,29,2024-06-24
2301,2024-02-22,29,
2302,2024-02-23,49,
2303,2024-02-23,29,
2304,2024-02-23,99,
2305,2024-02-23,49,
2306,2024-02-23,99,
2307,2024-02-24,99,
2308,2024-02-25,49,
2309,2024-02-25,29,
2310,2024-02-25,29,
2311,2024-02-25,49,
2312,2024-02-26,29,
2313,2024-02-26,29,
2314,2024-02-26,29,
2315,2024-02-27,29,
2316,2024-02-27,49,
2317,2024-02-28,99,
2318,2024-02-28,99,
2319,2024-02-28,99,
2320,2024-02-29,49,
2321,2024-02-29,99,
2322,2024-02-29,29,
2323,2024-02-29,29,
2324,2024-03-01,99,
2325,2024-03-01,49,
2326,2024-03-02,99,
2327,2024-03-03,49,
2328,2024-03-04,99,
2329,2024-03-04,29,
2330,2024-03-05,99,
2331,2024-03-05,99,
2332,2024-03-05,99,
2333,2024-03-06,49,
2334,2024-03-06,99,
2335,2024-03-06,99,
2336,2024-03-07,99,
2337,2024-03-07,49,
2338,2024-03-07,99,2024-07-01
2339,2024-03-07,99,
2340,2024-03-07,49,
2341,2024-03-08,29,
2342,2024-03-08,49,
2343,2024-03-08,29,
2344,2024-03-08,49,
2345,2024-03-09,49,
2346,2024-03-09,49,
2347,2024-03-09,29,
2348,2024-03-09,49,
2349,2024-03-10,49,
2350,2024-03-10,99,
2351,2024-03-10,99,
2352,2024-03-10,99,
2353,2024-03-10,29,
2354,2024-03-11,99,
2355,2024-03-11,49,
2356,2024-03-12,49,
2357,2024-03-12,49,
2358,2024-03-12,49,
2359,2024-03-12,99,
2360,2024-03-13,29,
2361,2024-03-13,49,
2362,2024-03-13,49,
2363,2024-03-13,49,
2364,2024-03-13,49,
2365,2024-03-14,49,
2366,2024-03-14,99,
2367,2024-03-14,99,
2368,2024-03-15,29,
2369,2024-03-15,99,
2370,2024-03-16,29,
2371,2024-03-16,99,
2372,2024-03-17,29,
2373,2024-03-18,99,
2374,2024-03-18,29,
2375,2024-03-18,29,
2376,2024-03-18,29,
2377,2024-03-18,99,
2378,2024-03-19,29,
2379,2024-03-19,29,
2380,2024-03-19,49,
2381,2024-03-20,49,
2382,2024-03-20,99,
2383,2024-03-20,29,
2384,2024-03-20,49,
2385,2024-03-21,29,
2386,2024-03-21,29,
2387,2024-03-22,49,
2388,2024-03-22,99,
2389,2024-03-23,49,
2390,2024-03-23,49,
2391,2024-03-23,49,
2392,2024-03-23,29,
2393,2024-03-24,29,
2394,2024-03-24,29,
2395,2024-03-24,49,
2396,2024-03-24,49,
2397,2024-03-25,29,
2398,2024-03-25,49,
2399,2024-03-25,49,
2400,2024-03-25,49,
2401,2024-03-26,49,
2402,2024-03-26,29,
2403,2024-03-26,49,
2404,2024-03-26,99,
2405,2024-03-28,49,
2406,2024-03-28,29,
2407,2024-03-28,49,
2408,2024-03-28,49,
2409,2024-03-29,49,
2410,2024-03-30,99,
2411,2024-03-31,49,
2412,2024-03-31,49,2024-08-21
2413,2024-03-31,29,
2414,2024-03-31,99,
2415,2024-04-01,99,
2416,2024-04-01,99,
2417,2024-04-01,99,
2418,2024-04-01,29,
2419,2024-04-02,29,
2420,2024-04-02,49,
2421,2024-04-02,99,
2422,2024-04-03,99,
2423,2024-04-03,99,
2424,2024-04-03,99,
2425,2024-04-04,99,
2426,2024-04-04,29,
2427,2024-04-04,99,
2428,2024-04-05,29,
2429,2024-04-06,49,
2430,2024-04-06,49,
2431,2024-04-07,49,
2432,2024-04-07,99,
2433,2024-04-07,29,
2434,2024-04-08,99,
2435,2024-04-08,99,
2436,2024-04-08,29,
2437,2024-04-09,49,
2438,2024-04-09,99,
2439,2024-04-09,99,
2440,2024-04-10,99,
2441,2024-04-10,99,
2442,2024-04-10,99,
2443,2024-04-10,29,
2444,2024-04-11,29,
2445,2024-04-12,49,
2446,2024-04-13,49,
2447,2024-04-14,49,
2448,2024-04-15,99,
2449,2024-04-15,29,
2450,2024-04-15,29,2025-02-09
2451,2024-04-15,99,
2452,2024-04-15,49,
2453,2024-04-15,49,
2454,2024-04-16,29,
2455,2024-04-16,99,
2456,2024-04-16,49,
2457,2024-04-16,29,
2458,2024-04-16,99,
2459,2024-04-16,49,
2460,2024-04-16,99,
2461,2024-04-17,49,
2462,2024-04-17,49,
2463,2024-04-17,99,
2464,2024-04-18,29,
2465,2024-04-18,49,
2466,2024-04-18,99,
2467,2024-04-19,29,
2468,2024-04-19,49,
2469,2024-04-19,29,
2470,2024-04-20,99,
2471,2024-04-20,29,2024-11-02
2472,2024-04-20,99,
2473,2024-04-20,29,
2474,2024-04-21,29,
2475,2024-04-21,99,
2476,2024-04-21,99,
2477,2024-04-22,99,
2478,2024-04-22,99,
2479,2024-04-22,99,
2480,2024-04-22,29,
2481,2024-04-22,99,
2482,2024-04-23,49,
2483,2024-04-24,99,
2484,2024-04-24,49,
2485,2024-04-25,49,
2486,2024-04-26,29,
2487,2024-04-26,49,
2488,2024-04-26,49,
2489,2024-04-27,49,
2490,2024-04-27,29,
2491,2024-04-28,49,
2492,2024-04-28,29,
2493,2024-04-28,49,
2494,2024-04-28,29,
2495,2024-04-28,29,
2496,2024-04-29,49,
2497,2024-04-29,29,2024-08-16
2498,2024-04-30,29,
2499,2024-04-30,29,
2500,2024-05-01,99,
2501,2024-05-01,49,
2502,2024-05-01,49,2025-02-08
2503,2024-05-01,29,2024-07-24
2504,2024-05-01,29,
2505,2024-05-02,99,
2506,2024-05-02,99,
2507,2024-05-03,49,
2508,2024-05-03,99,
2509,2024-05-03,99,
2510,2024-05-03,99,
2511,2024-05-04,49,
2512,2024-05-04,49,
2513,2024-05-04,49,
2514,2024-05-04,29,
2515,2024-05-05,99,
2516,2024-05-05,49,
2517,2024-05-05,29,
2518,2024-05-05,99,
2519,2024-05-05,29,
2520,2024-05-05,99,
2521,2024-05-06,29,
2522,2024-05-06,99,
2523,2024-05-06,99,
2524,2024-05-06,99,
2525,2024-05-06,99,
2526,2024-05-06,29,
2527,2024-05-07,49,
2528,2024-05-07,29,
2529,2024-05-07,99,
2530,2024-05-08,29,
2531,2024-05-08,29,
2532,2024-05-08,29,
2533,2024-05-08,99,
2534,2024-05-09,49,
2535,2024-05-09,29,
2536,2024-05-09,29,
2537,2024-05-09,49,
2538,2024-05-09,99,
2539,2024-05-10,49,
2540,2024-05-10,49,
2541,2024-05-11,29,
2542,2024-05-12,29,
2543,2024-05-12,99,
2544,2024-05-12,99,
2545,2024-05-13,99,
2546,2024-05-13,99,
2547,2024-05-13,49,
2548,2024-05-14,29,
2549,2024-05-14,99,
2550,2024-05-14,99,
2551,2024-05-14,29,
2552,2024-05-14,29,
2553,2024-05-14,99,
2554,2024-05-15,99,
2555,2024-05-15,29,
2556,2024-05-15,29,
2557,2024-05-16,29,
2558,2024-05-16,99,
2559,2024-05-16,49,
2560,2024-05-18,29,
2561,2024-05-18,49,
2562,2024-05-18,29,
2563,2024-05-18,99,
2564,2024-05-19,99,
2565,2024-05-19,29,
2566,2024-05-19,29,
2567,2024-05-19,99,
2568,2024-05-20,29,
2569,2024-05-20,29,
2570,2024-05-20,49,
2571,2024-05-21,29,
2572,2024-05-21,99,
2573,2024-05-21,99,
2574,2024-05-21,49,
2575,2024-05-21,29,
2576,2024-05-22,99,
2577,2024-05-22,29,
2578,2024-05-23,29,
2579,2024-05-23,29,
2580,2024-05-24,99,
2581,2024-05-24,99,
2582,2024-05-24,49,
2583,2024-05-25,99,
2584,2024-05-25,49,
2585,2024-05-25,49,
2586,2024-05-26,99,
2587,2024-05-26,99,
2588,2024-05-27,49,
2589,2024-05-27,49,
2590,2024-05-27,49,
2591,2024-05-27,29,
2592,2024-05-27,49,
2593,2024-05-28,29,
2594,2024-05-28,99,
2595,2024-05-28,49,
2596,2024-05-28,29,
2597,2024-05-29,99,
2598,2024-05-29,29,
2599,2024-05-30,49,
2600,2024-05-30,29,
2601,2024-05-30,49,
2602,2024-05-31,49,
2603,2024-05-31,99,
2604,2024-06-01,29,
2605,2024-06-02,29,
2606,2024-06-02,99,
2607,2024-06-02,49,
2608,2024-06-03,99,
2609,2024-06-03,29,
2610,2024-06-03,49,
2611,2024-06-04,49,
2612,2024-06-04,29,
2613,2024-06-05,99,
2614,2024-06-05,99,
2615,2024-06-05,49,
2616,2024-06-05,49,
2617,2024-06-05,49,
2618,2024-06-06,29,
2619,2024-06-07,29,
2620,2024-06-07,49,
2621,2024-06-07,49,
2622,2024-06-07,49,
2623,2024-06-08,29,
2624,2024-06-09,99,
2625,2024-06-09,99,
2626,2024-06-09,49,
2627,2024-06-09,29,
2628,2024-06-09,49,
2629,2024-06-10,99,
2630,2024-06-10,99,
2631,2024-06-10,49,
2632,2024-06-10,99,
2633,2024-06-10,29,
2634,2024-06-11,29,
2635,2024-06-11,49,
2636,2024-06-12,29,
2637,2024-06-12,29,
2638,2024-06-13,29,
2639,2024-06-14,49,
2640,2024-06-15,99,
2641,2024-06-15,49,
2642,2024-06-15,49,
2643,2024-06-16,49,
2644,2024-06-18,49,
2645,2024-06-18,99,
2646,2024-06-18,29,
2647,2024-06-19,99,
2648,2024-06-19,99,
2649,2024-06-19,99,
2650,2024-06-19,99,
2651,2024-06-20,29,
2652,2024-06-20,29,
2653,2024-06-20,29,
2654,2024-06-21,29,
2655,2024-06-22,99,
2656,2024-06-23,29,
2657,2024-06-23,99,
2658,2024-06-23,49,
2659,2024-06-24,29,
2660,2024-06-24,29,
2661,2024-06-25,49,
2662,2024-06-25,49,
2663,2024-06-25,99,
2664,2024-06-26,99,
2665,2024-06-26,99,
2666,2024-06-26,29,
2667,2024-06-27,49,
2668,2024-06-27,49,
2669,2024-06-28,29,
2670,2024-06-28,49,
2671,2024-06-28,99,
2672,2024-06-28,29,2025-01-14
2673,2024-06-29,49,
2674,2024-06-29,29,
2675,2024-06-29,49,
2676,2024-06-29,99,
2677,2024-06-29,49,
2678,2024-06-30,99,
2679,2024-06-30,49,
2680,2024-07-01,29,
2681,2024-07-01,29,
2682,2024-07-02,99,
2683,2024-07-02,99,
2684,2024-07-02,49,
2685,2024-07-02,29,
2686,2024-07-03,99,
2687,2024-07-03,29,
2688,2024-07-03,49,
2689,2024-07-04,29,
2690,2024-07-04,29,
2691,2024-07-04,49,
2692,2024-07-04,29,
2693,2024-07-04,99,
2694,2024-07-05,49,
2695,2024-07-05,99,
2696,2024-07-05,29,
2697,2024-07-05,99,
2698,2024-07-06,49,
2699,2024-07-06,49,
2700,2024-07-06,99,
2701,2024-07-07,29,
2702,2024-07-08,99,
2703,2024-07-08,99,
2704,2024-07-08,29,
2705,2024-07-09,29,
2706,2024-07-10,49,
2707,2024-07-10,49,
2708,2024-07-10,99,
2709,2024-07-11,99,
2710,2024-07-11,49,
2711,2024-07-12,49,
2712,2024-07-12,29,
2713,2024-07-13,49,
2714,2024-07-13,99,
2715,2024-07-14,99,
2716,2024-07-14,49,
2717,2024-07-14,49,
2718,2024-07-14,99,
2719,2024-07-14,29,
2720,2024-07-14,99,
2721,2024-07-14,49,
2722,2024-07-15,49,2025-05-09
2723,2024-07-15,29,
2724,2024-07-15,99,
2725,2024-07-15,99,
2726,2024-07-15,99,
2727,2024-07-15,99,
2728,2024-07-16,99,
2729,2024-07-17,29,
2730,2024-07-17,29,
2731,2024-07-17,99,
2732,2024-07-17,29,
2733,2024-07-18,29,
2734,2024-07-18,29,
2735,2024-07-18,49,
2736,2024-07-18,29,
2737,2024-07-19,49,
2738,2024-07-19,49,
2739,2024-07-20,49,
2740,2024-07-20,29,
2741,2024-07-20,29,
2742,2024-07-21,49,
2743,2024-07-21,29,
2744,2024-07-22,49,
2745,2024-07-22,99,
2746,2024-07-22,99,
2747,2024-07-23,99,
2748,2024-07-23,99,
2749,2024-07-23,99,
2750,2024-07-23,29,
2751,2024-07-23,99,
2752,2024-07-23,99,
2753,2024-07-23,29,
2754,2024-07-25,99,
2755,2024-07-26,99,
2756,2024-07-26,29,
2757,2024-07-26,99,
2758,2024-07-27,99,
2759,2024-07-27,99,
2760,2024-07-27,29,
2761,2024-07-28,99,
2762,2024-07-28,99,
2763,2024-07-28,99,
2764,2024-07-28,99,
2765,2024-07-29,29,
2766,2024-07-29,29,
2767,2024-07-29,99,
2768,2024-07-29,99,
2769,2024-07-29,99,
2770,2024-07-29,29,2025-05-23
2771,2024-07-29,29,
2772,2024-07-29,99,
2773,2024-07-29,29,
2774,2024-07-30,99,
2775,2024-07-30,29,
2776,2024-07-30,99,
2777,2024-07-30,99,
2778,2024-07-31,99,
2779,2024-08-01,29,
2780,2024-08-01,49,2025-03-14
2781,2024-08-02,29,
2782,2024-08-02,29,
2783,2024-08-02,99,
2784,2024-08-03,99,
2785,2024-08-03,29,
2786,2024-08-03,99,
2787,2024-08-03,49,
2788,2024-08-03,99,
2789,2024-08-03,49,
2790,2024-08-04,99,
2791,2024-08-04,99,
2792,2024-08-05,99,
2793,2024-08-05,99,
2794,2024-08-05,29,
2795,2024-08-05,99,
2796,2024-08-06,49,
2797,2024-08-06,99,
2798,2024-08-06,49,
2799,2024-08-07,29,
2800,2024-08-08,29,
2801,2024-08-08,29,
2802,2024-08-10,29,
2803,2024-08-10,29,
2804,2024-08-10,49,
2805,2024-08-11,29,
2806,2024-08-11,29,
2807,2024-08-12,99,2024-10-19
2808,2024-08-12,29,
2809,2024-08-12,29,
2810,2024-08-12,49,
2811,2024-08-13,29,
2812,2024-08-13,99,
2813,2024-08-13,49,
2814,2024-08-13,99,
2815,2024-08-14,99,
2816,2024-08-14,29,
2817,2024-08-14,99,
2818,2024-08-15,99,
2819,2024-08-15,99,
2820,2024-08-15,99,
2821,2024-08-15,29,
2822,2024-08-16,99,
2823,2024-08-16,99,
2824,2024-08-16,29,
2825,2024-08-16,99,
2826,2024-08-17,29,
2827,2024-08-17,49,
2828,2024-08-17,99,
2829,2024-08-17,99,
2830,2024-08-18,99,
2831,2024-08-18,29,
2832,2024-08-19,49,
2833,2024-08-19,49,
2834,2024-08-19,49,
2835,2024-08-19,99,
2836,2024-08-20,99,
2837,2024-08-20,29,
2838,2024-08-20,29,
2839,2024-08-20,29,
2840,2024-08-20,99,
2841,2024-08-21,99,
2842,2024-08-21,29,
2843,2024-08-21,49,
2844,2024-08-21,99,
2845,2024-08-21,99,
2846,2024-08-21,49,
2847,2024-08-22,49,
2848,2024-08-22,29,
2849,2024-08-23,29,
2850,2024-08-23,49,
2851,2024-08-23,49,
2852,2024-08-23,29,
2853,2024-08-23,99,
2854,2024-08-24,29,
2855,2024-08-25,99,
2856,2024-08-25,49,
2857,2024-08-25,29,
2858,2024-08-25,99,
2859,2024-08-26,49,
2860,2024-08-27,99,
2861,2024-08-27,29,
2862,2024-08-28,99,
2863,2024-08-28,99,
2864,2024-08-28,49,
2865,2024-08-28,29,
2866,2024-08-28,29,
2867,2024-08-28,29,
2868,2024-08-29,99,
2869,2024-08-29,49,
2870,2024-08-29,29,
2871,2024-08-29,99,
2872,2024-08-29,49,
2873,2024-08-30,99,
2874,2024-08-31,29,
2875,2024-08-31,29,
2876,2024-09-01,99,
2877,2024-09-01,29,
2878,2024-09-02,49,
2879,2024-09-02,99,
2880,2024-09-02,99,
2881,2024-09-02,99,2025-01-19
2882,2024-09-03,99,
2883,2024-09-03,49,
2884,2024-09-04,99,
2885,2024-09-04,49,
2886,2024-09-04,99,
2887,2024-09-04,29,
2888,2024-09-05,29,2025-05-01
2889,2024-09-06,99,
2890,2024-09-06,29,
2891,2024-09-06,99,
2892,2024-09-06,99,
2893,2024-09-06,99,
2894,2024-09-07,99,
2895,2024-09-07,29,
2896,2024-09-07,29,
2897,2024-09-07,49,
2898,2024-09-08,49,
2899,2024-09-08,99,
2900,2024-09-08,99,
2901,2024-09-08,29,
2902,2024-09-09,49,
2903,2024-09-09,99,
2904,2024-09-09,49,
2905,2024-09-09,29,
2906,2024-09-09,99,
2907,2024-09-09,49,
2908,2024-09-09,29,
2909,2024-09-09,49,
2910,2024-09-10,29,
2911,2024-09-11,99,
2912,2024-09-11,99,
2913,2024-09-11,99,
2914,2024-09-11,99,2025-04-09
2915,2024-09-12,49,
2916,2024-09-12,99,
2917,2024-09-13,49,
2918,2024-09-13,99,
2919,2024-09-13,99,
2920,2024-09-13,29,
2921,2024-09-13,29,
2922,2024-09-13,29,
2923,2024-09-14,99,
2924,2024-09-15,99,
2925,2024-09-15,99,
2926,2024-09-15,29,
2927,2024-09-16,49,
2928,2024-09-17,29,
2929,2024-09-17,49,
2930,2024-09-17,49,
2931,2024-09-18,99,
2932,2024-09-18,49,
2933,2024-09-18,49,
2934,2024-09-19,49,
2935,2024-09-19,99,
2936,2024-09-20,99,
2937,2024-09-21,29,
2938,2024-09-21,99,
2939,2024-09-22,49,
2940,2024-09-22,99,
2941,2024-09-23,49,
2942,2024-09-24,99,
2943,2024-09-24,29,
2944,2024-09-25,29,
2945,2024-09-25,29,
2946,2024-09-25,49,
2947,2024-09-25,49,
2948,2024-09-26,49,
2949,2024-09-26,99,
2950,2024-09-26,99,
2951,2024-09-26,49,
2952,2024-09-28,29,
2953,2024-09-28,99,
2954,2024-09-29,49,
2955,2024-09-29,49,
2956,2024-09-29,29,
2957,2024-09-29,99,
2958,2024-09-30,49,
2959,2024-09-30,29,
2960,2024-09-30,99,
2961,2024-09-30,99,
2962,2024-10-01,99,
2963,2024-10-01,99,
2964,2024-10-01,49,
2965,2024-10-01,99,
2966,2024-10-02,99,
2967,2024-10-02,99,
2968,2024-10-02,49,
2969,2024-10-02,99,
2970,2024-10-03,29,
2971,2024-10-03,29,2025-03-10
2972,2024-10-03,99,
2973,2024-10-04,99,
2974,2024-10-04,49,
2975,2024-10-05,99,
2976,2024-10-05,99,
2977,2024-10-05,49,
2978,2024-10-05,29,
2979,2024-10-05,29,
2980,2024-10-05,29,
2981,2024-10-05,29,
2982,2024-10-06,99,
2983,2024-10-07,99,
2984,2024-10-07,29,
2985,2024-10-07,29,
2986,2024-10-07,49,
2987,2024-10-07,29,
2988,2024-10-08,49,
2989,2024-10-08,99,
2990,2024-10-08,29,
2991,2024-10-09,99,
2992,2024-10-10,49,
2993,2024-10-10,29,
2994,2024-10-10,29,
2995,2024-10-10,29,
2996,2024-10-10,99,
2997,2024-10-11,29,
2998,2024-10-12,99,
2999,2024-10-12,49,
3000,2024-10-13,99,
3001,2024-10-13,99,
3002,2024-10-13,29,
3003,2024-10-14,49,
3004,2024-10-14,49,
3005,2024-10-14,29,
3006,2024-10-14,49,
3007,2024-10-14,99,
3008,2024-10-15,49,
3009,2024-10-15,99,
3010,2024-10-15,99,
3011,2024-10-15,99,
3012,2024-10-16,49,
3013,2024-10-16,29,
3014,2024-10-17,29,
3015,2024-10-18,29,
3016,2024-10-18,49,
3017,2024-10-18,99,
3018,2024-10-18,99,
3019,2024-10-18,99,
3020,2024-10-19,49,
3021,2024-10-19,99,2025-07-01
3022,2024-10-19,29,
3023,2024-10-19,99,
3024,2024-10-20,99,
3025,2024-10-20,29,
3026,2024-10-21,29,
3027,2024-10-21,99,
3028,2024-10-21,99,
3029,2024-10-22,99,
3030,2024-10-22,29,
3031,2024-10-22,99,
3032,2024-10-22,29,
3033,2024-10-23,99,
3034,2024-10-23,29,
3035,2024-10-23,29,
3036,2024-10-25,99,
3037,2024-10-25,29,
3038,2024-10-26,99,2024-12-01
3039,2024-10-26,29,
3040,2024-10-27,49,
3041,2024-10-27,29,
3042,2024-10-27,99,
3043,2024-10-27,99,
3044,2024-10-27,99,
3045,2024-10-28,49,
3046,2024-10-28,49,
3047,2024-10-28,99,
3048,2024-10-29,29,
3049,2024-10-30,29,
3050,2024-10-30,49,
3051,2024-10-30,29,
3052,2024-10-30,49,
3053,2024-10-31,99,
3054,2024-10-31,29,
3055,2024-10-31,99,
3056,2024-11-01,99,
3057,2024-11-01,99,
3058,2024-11-01,49,
3059,2024-11-01,49,
3060,2024-11-02,99,
3061,2024-11-02,49,
3062,2024-11-02,29,
3063,2024-11-02,49,
3064,2024-11-03,49,
3065,2024-11-03,99,
3066,2024-11-04,29,
3067,2024-11-04,29,
3068,2024-11-05,49,
3069,2024-11-05,49,
3070,2024-11-06,49,
3071,2024-11-06,49,
3072,2024-11-07,29,
3073,2024-11-07,49,
3074,2024-11-07,29,
3075,2024-11-07,49,
3076,2024-11-08,99,
3077,2024-11-08,49,
3078,2024-11-08,99,
3079,2024-11-09,29,
3080,2024-11-09,49,
3081,2024-11-10,29,
3082,2024-11-10,99,
3083,2024-11-11,99,
3084,2024-11-11,29,
3085,2024-11-11,99,
3086,2024-11-12,49,
3087,2024-11-12,29,
3088,2024-11-12,99,
3089,2024-11-12,29,
3090,2024-11-12,29,
3091,2024-11-12,29,
3092,2024-11-13,49,
3093,2024-11-15,49,
3094,2024-11-15,49,
3095,2024-11-15,49,
3096,2024-11-15,49,
3097,2024-11-16,99,
3098,2024-11-16,29,
3099,2024-11-17,49,
3100,2024-11-17,99,
3101,2024-11-17,29,
3102,2024-11-17,49,
3103,2024-11-17,99,
3104,2024-11-18,49,
3105,2024-11-18,29,2025-08-07
3106,2024-11-18,49,
3107,2024-11-19,29,
3108,2024-11-20,99,2025-05-05
3109,2024-11-20,29,
3110,2024-11-20,99,
3111,2024-11-20,49,
3112,2024-11-21,99,
3113,2024-11-21,49,
3114,2024-11-22,49,
3115,2024-11-22,99,
3116,2024-11-23,49,
3117,2024-11-23,99,
3118,2024-11-23,29,
3119,2024-11-23,29,
3120,2024-11-24,29,
3121,2024-11-24,49,
3122,2024-11-25,29,
3123,2024-11-25,99,
3124,2024-11-25,99,
3125,2024-11-26,49,
3126,2024-11-27,29,
3127,2024-11-27,49,
3128,2024-11-27,49,
3129,2024-11-28,49,
3130,2024-11-28,99,
3131,2024-11-28,49,
3132,2024-11-28,29,
3133,2024-11-29,49,
3134,2024-11-29,49,
3135,2024-11-29,29,
3136,2024-11-30,99,
3137,2024-11-30,49,
3138,2024-12-01,29,
3139,2024-12-01,49,
3140,2024-12-01,99,
3141,2024-12-01,29,
3142,2024-12-01,49,
3143,2024-12-02,49,
3144,2024-12-03,29,
3145,2024-12-03,29,
3146,2024-12-03,29,
3147,2024-12-03,99,
3148,2024-12-03,99,
3149,2024-12-04,49,
3150,2024-12-04,29,
3151,2024-12-04,29,
3152,2024-12-04,99,
3153,2024-12-05,49,
3154,2024-12-05,29,
3155,2024-12-06,99,
3156,2024-12-06,49,
3157,2024-12-07,49,
3158,2024-12-07,99,
3159,2024-12-07,49,
3160,2024-12-08,49,
3161,2024-12-09,49,
3162,2024-12-09,29,
3163,2024-12-10,49,
3164,2024-12-10,99,
3165,2024-12-11,99,
3166,2024-12-11,49,
3167,2024-12-12,99,
3168,2024-12-12,49,
3169,2024-12-13,99,
3170,2024-12-13,29,
3171,2024-12-13,49,
3172,2024-12-13,49,
3173,2024-12-14,99,
3174,2024-12-14,29,
3175,2024-12-14,99,
3176,2024-12-15,49,
3177,2024-12-15,29,2025-04-12
3178,2024-12-15,29,
3179,2024-12-16,29,
3180,2024-12-17,29,
3181,2024-12-17,99,
3182,2024-12-18,49,
3183,2024-12-18,29,
3184,2024-12-18,99,
3185,2024-12-19,29,
3186,2024-12-19,49,
3187,2024-12-19,29,
3188,2024-12-19,29,
3189,2024-12-19,29,
3190,2024-12-20,99,
3191,2024-12-20,99,
3192,2024-12-20,29,
3193,2024-12-21,49,
3194,2024-12-21,49,
3195,2024-12-22,29,
3196,2024-12-22,99,
3197,2024-12-22,99,
3198,2024-12-23,49,
3199,2024-12-23,49,
3200,2024-12-24,29,
3201,2024-12-24,29,
3202,2024-12-24,99,
3203,2024-12-24,49,
3204,2024-12-25,49,
3205,2024-12-26,29,
3206,2024-12-26,29,
3207,2024-12-26,29,
3208,2024-12-26,29,
3209,2024-12-27,29,
3210,2024-12-27,29,
3211,2024-12-27,49,
3212,2024-12-27,99,
3213,2024-12-27,99,
3214,2024-12-28,49,
3215,2024-12-29,49,
3216,2024-12-29,29,
3217,2024-12-29,49,
3218,2024-12-29,99,
3219,2024-12-30,29,
3220,2024-12-31,29,
3221,2024-12-31,99,
3222,2024-12-31,49,
3223,2024-12-31,49,
3224,2024-12-31,99,
